title,author,year,editions
Target High 6th Premium Edition,unknown author,0,1
How to live the victorious life,Unknown Christian.,1966,3
How to live the victorious life,Unknown Christian.,1986,1
Heike monogatari,the unknown authors of Heike monogatari,1682,31
The kneeling Christian,Unknown Christian.,1979,5
Estudiantes.ELE A1 - Edición internacional. Libro del alumno y de ejercicios con audios y videos,Unknown,2018,1
Law of Atraction,Haway Unknown,2021,1
Diary of an Oxygen Thief,Anonymous,2006,12
The kneeling Christian,Unknown Christian.,1968,4
Bill Gates Problem,Tim Schwab,2023,9
My Secret Life,Walter,1966,64
He shall come again,Unknown Christian.,1922,1
Kneeling Christian,Unknown Christian.,2006,1
Poema de mio Cid,Anonymous,1868,269
The Poetic Edda,Unknown Icelanders,2004,3
Kneeling Christian,Unknown Christian.,2007,1
The Christlike Christian,Unknown Christian.,1988,1
The glory Christian,Unknown Christian.,1987,1
The power-filled Christian,Unknown Christian.,1984,1
The power-full Christian,Unknown Christian.,1961,1
History of the Catholic Church,Unknown Christian.,1975,1
How to live the victorious life,Unknown Christian.,1935,1
The gospel in the seven words from the cross,Unknown Christian.,1899,1
The glory Christian,Unknown Christian.,1962,1
Farm Blessings,Unknown Christian.,0,1
Spirit Therapy,unknown univerz,2021,1
Year of Positive Thinking,unknown univerz,2021,1
Pool Maintenance,unknown univerz,2021,1
Social Media Planner and Guide,unknown univerz,2021,1
Dream Journal,unknown univerz,2021,1
Mood Tracker Journal,unknown univerz,2021,1
Today I Choose Joy,unknown univerz,2021,1
Self-Love Workbook for Women,unknown univerz,2021,1
Mindfulness Workbook for Teens,unknown univerz,2021,1
To My Boyfriend the Day I Met You I Found My Missing Piece,unknown univerz,2021,1
Small Business Log Book,unknown univerz,2021,1
Christian Omnibus Vol. 1 - Eight Books on Prayer,Andrew Murray,1922,3
E-Z Method How To Play Guitar,Unknown,1962,1
Prayer of a Hebrew Israelite,Unknown Hebrew,2019,3
A Man With a Maid,Anonymous,1968,23
Die Castings for Engineers,unknown,0,1
Des mérites comparés du saké et du riz,Unknown,2014,1
The Kneeling Christian,Unknown Christian,1922,5
Millennium & Kingdom Reign SUKKOT,Unknown Hebrew,2020,2
Scrutiny : An Examination of John 3 : 16,Unknown Hebrew,2019,2
WinePassport,Chronicle Unknown,2005,10
'Twas the Night before Christmas,Clement Clarke Moore,1912,97
The Epic of Gilgamesh,Anonymous,2006,1
The Kneeling Christian,An Unknown Christian,1962,6
Ordo Ab Chao,Unknown Unknown Author,2015,2
Adobe Photoshop Cs6,Unknown Adobe Creative Team,2012,1
nature/science annual,unknown,1969,2
board of regents of the smithsonian institution,unknown,1891,2
unknown ,unknown ,1998,2
愛蔵版女神転生デジタルデビルストーリー2,unknown author,0,1
Capcom Design Works,Japanese author (unknown),2001,1
"The Great American Rip Off, Part I",The Unknown Attorney Ms. Cellaneous,2006,1
Everything You Never Wanted to Know About Your Nonprofit Corporation,The Unknown Attorney Ms. Cellaneous,2005,1
Simple Techniques of Being Confident,Unknown Unknown,2014,1
Practicable Resolution,Unknown Unknown,2014,1
Utilize Your Email List for Marketing Your Products,Unknown Unknown,2014,1
Money-Spinning Blogging Business,Unknown Unknown,2014,1
Lapins gibiers,Unknown Unknown,2012,1
"Tigre, ¿Dónde Estás?",Unknown Unknown,2021,1
"PURIM ADVANCED BIBLE KNOWLEDGE, PUR IN THE BIBLE",Unknown Hebrew,2020,3
Knowing the Father and the Son,Unknown Hebrew,2019,3
Passover,Unknown Hebrew,2020,3
What every Hebrew needs to know about Shavuot,Unknown Hebrew,2020,3
Untitled,unknown author,2025,3
A Higher Channel,Unknown Alavan,2024,3
Gentiles,Unknown Hebrew,2021,1
Geliopol,unknown author,0,1
Qualitätsoffensive - Teilhabe von erwachsenen Menschen mit schwerer Behinderung,unknown author,0,1
Geheimnisse in der Grünen Mark,unknown author,2024,1
The Best Mysteries - mystery yearbook <2001>  ISBN,unknown author,0,1
"Engineering Mathematics A Foundation For Electronic, Electrical, Communications And System Engineers 3rd Ed",unknown author,0,1
Business Law Monographs,unknown author,2003,1
Houghton Mifflin Reading Leveled Readers,unknown author,0,1
Handboek neuropspychologische diagnostiek,unknown author,2012,1
Vampire academy Tome 3,unknown author,0,1
3 Positions Against Prisons 2020,unknown author,0,1
Concepts of California Criminal Law,unknown author,2011,1
Ubl,unknown author,0,1
Standpunkte der Ethik. Schülerband,unknown author,0,1
Newcastle-upon-Tyne,unknown author,0,1
Handbuch Soziale Arbeit und Einsamkeit,unknown author,0,1
Lambacher Schweizer Mathematik 11. Lösungen Klasse 11. Ausgabe Bayern,unknown author,0,1
Von Jakarta bis Johannesburg,unknown author,2010,1
Arachnid The Spider King,Unknown,0,0
Sir Gawain and the Green Knight,Anonymous,2001,3
The Lustful Turk,Anonymous,1967,18
Everybody Wants to Rule the World Except Me,Mima,0,1
Games Workshop Warhammer Blood Bowl 2019 Almanac!,Unknown Unknown Author,0,1
"Life and Miracles of Saint Philomena, Virgin and Martyr : Whose Sacred Body Was Lately Discovered in the Catacombs at Rome",Unknown Unknown Author,2017,1
Njal's Saga,Unknown Unknown Icelanders,2011,1
Meno II,Unknown Unknown Author,2016,1
Protocols of the Learned Elders of Zion,Unknown Unknown Author,2016,1
Twelve Steps to the Abundant Life,"Annonymours Unknown,Unknown",2021,1
iPhone App Directory Vol. 5 (App Directory),Unknown,0,1
Einmal um die Welt,Unknown.,2008,1
